pattern,support,count
all,0.1780821917808219,13
in,0.1780821917808219,13
for,0.1232876712328767,9
secret,0.1095890410958904,8
to,0.1095890410958904,8
cures,0.0958904109589041,7
by,0.0958904109589041,7
eating,0.0958904109589041,7
